timestamp,session,sprint,story_id,duration_min,success,timeout,focus_area
2026-01-24 15:32:49,2026-01-24_152837,0,US-002,4,true,false,rate-limiting
2026-01-24 15:46:52,2026-01-24_152837,0,US-004,14,true,false,rate-limiting
2026-01-24 15:51:54,2026-01-24_152837,0,US-007,5,true,false,rate-limiting
2026-01-24 15:58:57,2026-01-24_152837,0,US-008,7,true,false,rate-limiting
2026-01-24 16:03:59,2026-01-24_152837,0,US-009,5,true,false,rate-limiting
2026-01-24 16:22:02,2026-01-24_152837,0,US-010,18,true,false,rate-limiting
2026-01-24 17:09:29,2026-01-24_165851,1,US-002,5,true,false,compilation
2026-01-24 17:09:31,2026-01-24_165851,1,US-003,0,false,false,compilation
2026-01-24 19:20:18,2026-01-24_191725,0,US-003,1,false,false,compilation
2026-01-24 19:21:20,2026-01-24_191725,0,US-003,1,false,false,compilation
2026-01-24 19:22:22,2026-01-24_191725,0,US-003,1,false,false,compilation
2026-01-24 19:23:24,2026-01-24_191725,0,US-003,1,false,false,compilation
2026-01-24 19:24:26,2026-01-24_191725,0,US-003,1,false,false,compilation
2026-01-24 19:25:38,2026-01-24_191725,1,US-003,1,false,false,compilation
2026-01-24 19:26:41,2026-01-24_191725,1,US-003,1,false,false,compilation
2026-01-24 19:27:43,2026-01-24_191725,1,US-003,1,false,false,compilation
2026-01-24 19:28:45,2026-01-24_191725,1,US-003,1,false,false,compilation
2026-01-24 19:29:47,2026-01-24_191725,1,US-003,1,false,false,compilation
2026-01-24 19:30:59,2026-01-24_191725,2,US-003,1,false,false,otio
2026-01-24 19:32:01,2026-01-24_191725,2,US-003,1,false,false,otio
2026-01-24 19:33:03,2026-01-24_191725,2,US-003,1,false,false,otio
2026-01-24 19:34:06,2026-01-24_191725,2,US-003,1,false,false,otio
2026-01-24 20:17:59,2026-01-24_195413,1,US-002,7,true,false,pipeline
2026-01-24 20:22:02,2026-01-24_195413,1,US-003,4,true,false,pipeline
2026-01-24 20:26:04,2026-01-24_195413,1,US-004,4,true,false,pipeline
2026-01-24 20:33:06,2026-01-24_195413,1,US-005,7,true,false,pipeline
2026-01-24 20:39:09,2026-01-24_195413,1,US-006,6,true,false,pipeline
2026-01-24 20:43:11,2026-01-24_195413,1,US-007,4,true,false,pipeline
2026-01-24 20:50:13,2026-01-24_195413,1,US-008,7,true,false,pipeline
2026-01-24 20:55:16,2026-01-24_195413,1,US-009,5,true,false,pipeline
2026-01-24 21:01:18,2026-01-24_195413,1,US-010,6,true,false,pipeline
2026-01-24 21:16:46,2026-01-24_195413,2,US-001,12,true,false,otio
2026-01-24 21:21:49,2026-01-24_195413,2,US-005,5,true,false,otio
2026-01-24 21:27:51,2026-01-24_195413,2,US-006,6,true,false,otio
2026-01-24 21:32:53,2026-01-24_195413,2,US-007,5,true,false,otio
2026-01-24 21:37:56,2026-01-24_195413,2,US-008,5,true,false,otio
2026-01-24 21:42:58,2026-01-24_195413,2,US-009,5,true,false,otio
2026-01-24 21:50:00,2026-01-24_195413,2,US-010,7,true,false,otio
2026-01-24 21:58:48,2026-01-24_195413,3,US-001,4,true,false,caption
2026-01-24 22:03:50,2026-01-24_195413,3,US-002,5,true,false,caption
2026-01-24 22:07:53,2026-01-24_195413,3,US-003,4,true,false,caption
2026-01-24 22:12:55,2026-01-24_195413,3,US-004,5,true,false,caption
2026-01-24 22:17:57,2026-01-24_195413,3,US-005,5,true,false,caption
2026-01-24 22:23:00,2026-01-24_195413,3,US-006,5,true,false,caption
2026-01-24 22:27:02,2026-01-24_195413,3,US-007,4,true,false,caption
2026-01-24 22:31:04,2026-01-24_195413,3,US-008,4,true,false,caption
2026-01-24 22:36:06,2026-01-24_195413,3,US-009,5,true,false,caption
2026-01-24 22:41:09,2026-01-24_195413,3,US-010,5,true,false,caption
2026-01-24 22:51:17,2026-01-24_195413,4,US-002,6,true,false,speed
2026-01-24 22:56:19,2026-01-24_195413,4,US-003,5,true,false,speed
2026-01-24 23:01:21,2026-01-24_195413,4,US-004,5,true,false,speed
2026-01-24 23:06:24,2026-01-24_195413,4,US-005,5,true,false,speed
2026-01-24 23:11:26,2026-01-24_195413,4,US-006,5,true,false,speed
2026-01-24 23:17:28,2026-01-24_195413,4,US-007,6,true,false,speed
2026-01-24 23:22:31,2026-01-24_195413,4,US-008,5,true,false,speed
2026-01-24 23:27:33,2026-01-24_195413,4,US-009,5,true,false,speed
2026-01-24 23:37:35,2026-01-24_195413,4,US-010,10,true,false,speed
2026-01-24 23:53:54,2026-01-24_195413,5,US-002,11,true,false,quality
2026-01-24 23:58:56,2026-01-24_195413,5,US-004,5,true,false,quality
2026-01-25 00:03:58,2026-01-24_195413,5,US-005,5,true,false,quality
2026-01-25 00:10:01,2026-01-24_195413,5,US-006,6,true,false,quality
2026-01-25 00:15:03,2026-01-24_195413,5,US-007,5,true,false,quality
2026-01-25 00:20:05,2026-01-24_195413,5,US-008,5,true,false,quality
2026-01-25 00:27:08,2026-01-24_195413,5,US-009,7,true,false,quality
2026-01-25 00:33:10,2026-01-24_195413,5,US-010,6,true,false,quality
2026-01-25 00:38:12,2026-01-24_195413,5,US-011,5,true,false,quality
2026-01-25 00:58:41,2026-01-24_195413,6,US-001,15,true,false,compilation
2026-01-25 01:03:43,2026-01-24_195413,6,US-007,5,true,false,compilation
2026-01-25 01:08:46,2026-01-24_195413,6,US-008,5,true,false,compilation
2026-01-25 01:13:48,2026-01-24_195413,6,US-009,5,true,false,compilation
2026-01-25 01:19:50,2026-01-24_195413,6,US-010,6,true,false,compilation
2026-01-25 01:27:53,2026-01-24_195413,6,US-011,8,true,false,compilation
2026-01-25 06:53:27,2026-01-25_060854,1,US-002,36,true,false,pipeline
2026-01-25 07:01:33,2026-01-25_060854,2,US-010,3,false,false,testing
2026-01-25 07:06:35,2026-01-25_060854,2,US-001,5,true,false,testing
2026-01-25 07:10:38,2026-01-25_060854,2,US-002,4,true,false,testing
2026-01-25 07:37:42,2026-01-25_060854,2,US-003,27,true,false,testing
2026-01-25 07:46:30,2026-01-25_060854,3,US-001,4,true,false,speed
2026-01-25 07:51:32,2026-01-25_060854,3,US-002,5,true,false,speed
2026-01-25 07:56:34,2026-01-25_060854,3,US-003,5,true,false,speed
2026-01-25 08:00:37,2026-01-25_060854,3,US-004,4,true,false,speed
